Workbook

Sheet 기입요령
B2: CREDEAL 렌트롤 표준 양식 v1.2 — 기입요령
B4: 모바일 IM 업로드용 표준 양식입니다. 「렌트롤」 시트의 노란색 셀만 입력하세요.
B6: 색상 규칙
B7: 노란색 | C7: 입력 셀 — 여기만 채웁니다
B8: 회색 | C8: 자동계산 — 수식이 들어 있으니 건드리지 마세요
B9: 분홍색 | C9: 경고 — 비면 판정이 보류되는 항목
B11: 반드시 채워야 하는 항목
B12: 호실/층 | C12: 원본 표기 그대로. 「9F(1)」처럼 한 층에 둘이면 행을 나눠 적습니다.
B13: 업종/상호 (원문) | C13: ⚠ 계약서·렌트롤에 적힌 문구를 그대로 옮깁니다. 「사무실」이면 「사무실」입니다. 업종을 추측해 바꾸지 마세요.
B14: 적용법령 | C14: 상가 / 주택 / 미확인. 주거로 쓰는 오피스텔은 「주택」입니다. 이 값에 따라 갱신요구권 계산이 완전히 달라집니다.
B15: 임대상태 | C15: 임대중 / 공실 / 자가사용. 소유자가 직접 쓰는 층은 「자가사용」입니다 — 공실이 아니지만 임대수입도 없습니다.
B16: 보증금·월세·관리비 | C16: 원 단위 숫자만. VAT 별도. 「5,000만」처럼 적지 마세요.
B17: 현 계약 만료일 | C17: 명도 시점 산출의 기준입니다.
B19: 비면 판정이 보류되는 항목
B20: 최초 계약일 | C20: 이 임차인이 처음 입주한 날. 현 계약 시작일과 다릅니다. ★ 상가 갱신요구권 10년은 이 날짜로 기산합니다. 비면 「확인 필요」로 출력됩니다.
B21: 갱신요구권 행사 | C21: 있음 / 없음 / 모름. ★ 주택은 1회 한정이라 이 값 없이는 계산할 수 없습니다. 묵시적 갱신은 「없음」입니다 — 갱신요구권을 쓴 것이 아닙니다.
B22: 대항력 요건 | C22: 사업자등록 / 주민등록 / 미확인. 근거 없이 「없음」으로 적으면 발행이 막힙니다.
B24: 계약그룹 — 한 임차인이 여러 층을 쓸 때
B25: 쓰는 법 | C25: 같은 계약이면 같은 이름을 적습니다. 예: 1F와 2F가 한 계약이면 둘 다 「A」.
B26: 금액 기입 | C26: 대표 행에만 보증금·월세를 적고 나머지는 비웁니다. 면적은 각 행에 적습니다.
B27: 환산보증금 | C27: 금액이 있는 대표 행에서만 계산됩니다. 층별로 쪼개지 않습니다.
B29: 자주 나는 실수
B30: 업종 추측 | C30: 「사무실」을 「IT스타트업」으로 바꿔 적는 경우. 실제로 있었던 오류입니다.
B31: 경과년수로 갱신권 역산 | C31: 주택은 최초계약일로 계산할 수 없습니다. 행사 이력이 있어야 합니다.
B32: 계 행을 손으로 입력 | C32: 합계는 자동입니다. 손으로 적으면 각 행 합과 어긋납니다. 실제로 있었던 오류입니다.
B33: 자가사용을 공실로 | C33: 자가사용은 임대 전환 여력이지 공실 손실이 아닙니다. 구분해 적으세요.
B34: 환산보증금 직접 계산 | C34: 자동입니다. 주택에는 이 개념이 없습니다.
B36: 자동 계산
B37: 임대면적(평) | C37: ㎡ ÷ 3.305785
B38: 환산보증금 | C38: 보증금 + 월세×100. 상가·임대중인 대표 행만.
B39: 상임법 전면적용 | C39: 환산보증금이 지역 기준(서울 9억) 이하이면 ○. 초과하면 5% 인상상한·우선변제권이 적용되지 않습니다.
B40: 갱신권 잔여 | C40: 상가 = 10년 − 최초계약일 경과. 주택 = 행사 이력에 따라 판정.
B41: 계약 상태 | C41: 평가 기준일과 만료일 비교. 30일 이내면 「임박」.
B42: 월 총수입 | C42: 월세 + 관리비. 공실·자가사용은 0.

Sheet 렌트롤
A1: CREDEAL 렌트롤 표준 양식 v1.2
A3: 물건명 | F3: ⚠ 렌트롤 기준일이 비면 신선도 판정을 할 수 없습니다
A4: 소재지 | F4: ※ 환산보증금: 서울 9억 · 과밀억제권역 6.9억 · 광역시 5.4억 · 그 밖 3.7억
A5: 렌트롤 기준일
A6: 평가 기준일 | C6: 46257
A7: 환산보증금 지역기준(원) | C7: 900000000
A8: 작성자
A9: 작성일
A11: 해상도 | B11: R2 | C11: R2 | D11: R1 | E11: R2 | F11: R1 | G11: R1 | H11: R2 | I11: R3 | J11: R2 | K11: R1 | L11: R3 | M11: R3 | N11: R1 | O11: —
A12: 호실/층 | B12: 계약그룹 | C12: 임대면적(㎡) | D12: 업종/상호 (원문) | E12: 적용법령 | F12: 보증금(원) | G12: 월세(원,VAT별도) | H12: 관리비(원,VAT별도) | I12: 최초 계약일 | J12: 현 계약 시작일 | K12: 현 계약 만료일 | L12: 갱신요구권 행사 | M12: 대항력 요건 | N12: 임대상태 | O12: 비고 | P12: 임대면적(평) | Q12: 환산보증금(자동) | R12: 상임법 전면적용 | S12: 갱신권 잔여(자동) | T12: 계약 상태(자동) | U12: 월 총수입(자동)
A13: 3F | C13: 132.5 | D13: 사무실 | E13: 상가 | F13: 50000000 | G13: 4500000 | H13: 550000 | I13: 43556 | J13: 45748 | K13: 46477 | L13: 모름 | M13: 사업자등록 | N13: 임대중 | O13: ← 예시 행입니다. 지우고 쓰세요 | P13: =IF(C13="","",C13/3.305785) -> 40.081252 | Q13: =IF(OR(N13<>"임대중",E13<>"상가",F13=""),"",F13+G13*100) -> 500000000 | R13: =IF(Q13="","",IF(Q13<=$C$7,"○ 전면적용","× 초과 (5%상한 미적용)")) -> ○ 전면적용 | S13: =IF(N13<>"임대중","",IF(E13="상가",IF(I13="","확인 필요",TEXT(MAX(0,10-($C$6-I13)/365.25),"0.0")&"년"),IF(E13="주택",IF(L13="있음","소진(1회)",IF(L13="없음",IF(K13="","확인 필요",TEXT(EDATE(K13,24),"yyyy-mm")&"까지"),"확인 필요")),"확인 필요"))) -> 2.6년 | T13: =IF(N13="공실","공실",IF(N13="자가사용","자가사용",IF(K13="","만료일 없음",IF(K13<$C$6,"만료 +"&TEXT($C$6-K13,"0")&"일",IF(K13-$C$6<=30,"임박 "&TEXT(K13-$C$6,"0")&"일","유효"))))) -> 유효 | U13: =IF(N13<>"임대중",0,IF(G13="",0,G13)+IF(H13="",0,H13)) -> 5050000
P14: =IF(C14="","",C14/3.305785) | Q14: =IF(OR(N14<>"임대중",E14<>"상가",F14=""),"",F14+G14*100) | R14: =IF(Q14="","",IF(Q14<=$C$7,"○ 전면적용","× 초과 (5%상한 미적용)")) | S14: =IF(N14<>"임대중","",IF(E14="상가",IF(I14="","확인 필요",TEXT(MAX(0,10-($C$6-I14)/365.25),"0.0")&"년"),IF(E14="주택",IF(L14="있음","소진(1회)",IF(L14="없음",IF(K14="","확인 필요",TEXT(EDATE(K14,24),"yyyy-mm")&"까지"),"확인 필요")),"확인 필요"))) | T14: =IF(N14="공실","공실",IF(N14="자가사용","자가사용",IF(K14="","만료일 없음",IF(K14<$C$6,"만료 +"&TEXT($C$6-K14,"0")&"일",IF(K14-$C$6<=30,"임박 "&TEXT(K14-$C$6,"0")&"일","유효"))))) -> 만료일 없음 | U14: =IF(N14<>"임대중",0,IF(G14="",0,G14)+IF(H14="",0,H14)) -> 0
P15: =IF(C15="","",C15/3.305785) | Q15: =IF(OR(N15<>"임대중",E15<>"상가",F15=""),"",F15+G15*100) | R15: =IF(Q15="","",IF(Q15<=$C$7,"○ 전면적용","× 초과 (5%상한 미적용)")) | S15: =IF(N15<>"임대중","",IF(E15="상가",IF(I15="","확인 필요",TEXT(MAX(0,10-($C$6-I15)/365.25),"0.0")&"년"),IF(E15="주택",IF(L15="있음","소진(1회)",IF(L15="없음",IF(K15="","확인 필요",TEXT(EDATE(K15,24),"yyyy-mm")&"까지"),"확인 필요")),"확인 필요"))) | T15: =IF(N15="공실","공실",IF(N15="자가사용","자가사용",IF(K15="","만료일 없음",IF(K15<$C$6,"만료 +"&TEXT($C$6-K15,"0")&"일",IF(K15-$C$6<=30,"임박 "&TEXT(K15-$C$6,"0")&"일","유효"))))) -> 만료일 없음 | U15: =IF(N15<>"임대중",0,IF(G15="",0,G15)+IF(H15="",0,H15)) -> 0
P16: =IF(C16="","",C16/3.305785) | Q16: =IF(OR(N16<>"임대중",E16<>"상가",F16=""),"",F16+G16*100) | R16: =IF(Q16="","",IF(Q16<=$C$7,"○ 전면적용","× 초과 (5%상한 미적용)")) | S16: =IF(N16<>"임대중","",IF(E16="상가",IF(I16="","확인 필요",TEXT(MAX(0,10-($C$6-I16)/365.25),"0.0")&"년"),IF(E16="주택",IF(L16="있음","소진(1회)",IF(L16="없음",IF(K16="","확인 필요",TEXT(EDATE(K16,24),"yyyy-mm")&"까지"),"확인 필요")),"확인 필요"))) | T16: =IF(N16="공실","공실",IF(N16="자가사용","자가사용",IF(K16="","만료일 없음",IF(K16<$C$6,"만료 +"&TEXT($C$6-K16,"0")&"일",IF(K16-$C$6<=30,"임박 "&TEXT(K16-$C$6,"0")&"일","유효"))))) -> 만료일 없음 | U16: =IF(N16<>"임대중",0,IF(G16="",0,G16)+IF(H16="",0,H16)) -> 0
P17: =IF(C17="","",C17/3.305785) | Q17: =IF(OR(N17<>"임대중",E17<>"상가",F17=""),"",F17+G17*100) | R17: =IF(Q17="","",IF(Q17<=$C$7,"○ 전면적용","× 초과 (5%상한 미적용)")) | S17: =IF(N17<>"임대중","",IF(E17="상가",IF(I17="","확인 필요",TEXT(MAX(0,10-($C$6-I17)/365.25),"0.0")&"년"),IF(E17="주택",IF(L17="있음","소진(1회)",IF(L17="없음",IF(K17="","확인 필요",TEXT(EDATE(K17,24),"yyyy-mm")&"까지"),"확인 필요")),"확인 필요"))) | T17: =IF(N17="공실","공실",IF(N17="자가사용","자가사용",IF(K17="","만료일 없음",IF(K17<$C$6,"만료 +"&TEXT($C$6-K17,"0")&"일",IF(K17-$C$6<=30,"임박 "&TEXT(K17-$C$6,"0")&"일","유효"))))) -> 만료일 없음 | U17: =IF(N17<>"임대중",0,IF(G17="",0,G17)+IF(H17="",0,H17)) -> 0
P18: =IF(C18="","",C18/3.305785) | Q18: =IF(OR(N18<>"임대중",E18<>"상가",F18=""),"",F18+G18*100) | R18: =IF(Q18="","",IF(Q18<=$C$7,"○ 전면적용","× 초과 (5%상한 미적용)")) | S18: =IF(N18<>"임대중","",IF(E18="상가",IF(I18="","확인 필요",TEXT(MAX(0,10-($C$6-I18)/365.25),"0.0")&"년"),IF(E18="주택",IF(L18="있음","소진(1회)",IF(L18="없음",IF(K18="","확인 필요",TEXT(EDATE(K18,24),"yyyy-mm")&"까지"),"확인 필요")),"확인 필요"))) | T18: =IF(N18="공실","공실",IF(N18="자가사용","자가사용",IF(K18="","만료일 없음",IF(K18<$C$6,"만료 +"&TEXT($C$6-K18,"0")&"일",IF(K18-$C$6<=30,"임박 "&TEXT(K18-$C$6,"0")&"일","유효"))))) -> 만료일 없음 | U18: =IF(N18<>"임대중",0,IF(G18="",0,G18)+IF(H18="",0,H18)) -> 0
P19: =IF(C19="","",C19/3.305785) | Q19: =IF(OR(N19<>"임대중",E19<>"상가",F19=""),"",F19+G19*100) | R19: =IF(Q19="","",IF(Q19<=$C$7,"○ 전면적용","× 초과 (5%상한 미적용)")) | S19: =IF(N19<>"임대중","",IF(E19="상가",IF(I19="","확인 필요",TEXT(MAX(0,10-($C$6-I19)/365.25),"0.0")&"년"),IF(E19="주택",IF(L19="있음","소진(1회)",IF(L19="없음",IF(K19="","확인 필요",TEXT(EDATE(K19,24),"yyyy-mm")&"까지"),"확인 필요")),"확인 필요"))) | T19: =IF(N19="공실","공실",IF(N19="자가사용","자가사용",IF(K19="","만료일 없음",IF(K19<$C$6,"만료 +"&TEXT($C$6-K19,"0")&"일",IF(K19-$C$6<=30,"임박 "&TEXT(K19-$C$6,"0")&"일","유효"))))) -> 만료일 없음 | U19: =IF(N19<>"임대중",0,IF(G19="",0,G19)+IF(H19="",0,H19)) -> 0
P20: =IF(C20="","",C20/3.305785) | Q20: =IF(OR(N20<>"임대중",E20<>"상가",F20=""),"",F20+G20*100) | R20: =IF(Q20="","",IF(Q20<=$C$7,"○ 전면적용","× 초과 (5%상한 미적용)")) | S20: =IF(N20<>"임대중","",IF(E20="상가",IF(I20="","확인 필요",TEXT(MAX(0,10-($C$6-I20)/365.25),"0.0")&"년"),IF(E20="주택",IF(L20="있음","소진(1회)",IF(L20="없음",IF(K20="","확인 필요",TEXT(EDATE(K20,24),"yyyy-mm")&"까지"),"확인 필요")),"확인 필요"))) | T20: =IF(N20="공실","공실",IF(N20="자가사용","자가사용",IF(K20="","만료일 없음",IF(K20<$C$6,"만료 +"&TEXT($C$6-K20,"0")&"일",IF(K20-$C$6<=30,"임박 "&TEXT(K20-$C$6,"0")&"일","유효"))))) -> 만료일 없음 | U20: =IF(N20<>"임대중",0,IF(G20="",0,G20)+IF(H20="",0,H20)) -> 0
P21: =IF(C21="","",C21/3.305785) | Q21: =IF(OR(N21<>"임대중",E21<>"상가",F21=""),"",F21+G21*100) | R21: =IF(Q21="","",IF(Q21<=$C$7,"○ 전면적용","× 초과 (5%상한 미적용)")) | S21: =IF(N21<>"임대중","",IF(E21="상가",IF(I21="","확인 필요",TEXT(MAX(0,10-($C$6-I21)/365.25),"0.0")&"년"),IF(E21="주택",IF(L21="있음","소진(1회)",IF(L21="없음",IF(K21="","확인 필요",TEXT(EDATE(K21,24),"yyyy-mm")&"까지"),"확인 필요")),"확인 필요"))) | T21: =IF(N21="공실","공실",IF(N21="자가사용","자가사용",IF(K21="","만료일 없음",IF(K21<$C$6,"만료 +"&TEXT($C$6-K21,"0")&"일",IF(K21-$C$6<=30,"임박 "&TEXT(K21-$C$6,"0")&"일","유효"))))) -> 만료일 없음 | U21: =IF(N21<>"임대중",0,IF(G21="",0,G21)+IF(H21="",0,H21)) -> 0
P22: =IF(C22="","",C22/3.305785) | Q22: =IF(OR(N22<>"임대중",E22<>"상가",F22=""),"",F22+G22*100) | R22: =IF(Q22="","",IF(Q22<=$C$7,"○ 전면적용","× 초과 (5%상한 미적용)")) | S22: =IF(N22<>"임대중","",IF(E22="상가",IF(I22="","확인 필요",TEXT(MAX(0,10-($C$6-I22)/365.25),"0.0")&"년"),IF(E22="주택",IF(L22="있음","소진(1회)",IF(L22="없음",IF(K22="","확인 필요",TEXT(EDATE(K22,24),"yyyy-mm")&"까지"),"확인 필요")),"확인 필요"))) | T22: =IF(N22="공실","공실",IF(N22="자가사용","자가사용",IF(K22="","만료일 없음",IF(K22<$C$6,"만료 +"&TEXT($C$6-K22,"0")&"일",IF(K22-$C$6<=30,"임박 "&TEXT(K22-$C$6,"0")&"일","유효"))))) -> 만료일 없음 | U22: =IF(N22<>"임대중",0,IF(G22="",0,G22)+IF(H22="",0,H22)) -> 0
P23: =IF(C23="","",C23/3.305785) | Q23: =IF(OR(N23<>"임대중",E23<>"상가",F23=""),"",F23+G23*100) | R23: =IF(Q23="","",IF(Q23<=$C$7,"○ 전면적용","× 초과 (5%상한 미적용)")) | S23: =IF(N23<>"임대중","",IF(E23="상가",IF(I23="","확인 필요",TEXT(MAX(0,10-($C$6-I23)/365.25),"0.0")&"년"),IF(E23="주택",IF(L23="있음","소진(1회)",IF(L23="없음",IF(K23="","확인 필요",TEXT(EDATE(K23,24),"yyyy-mm")&"까지"),"확인 필요")),"확인 필요"))) | T23: =IF(N23="공실","공실",IF(N23="자가사용","자가사용",IF(K23="","만료일 없음",IF(K23<$C$6,"만료 +"&TEXT($C$6-K23,"0")&"일",IF(K23-$C$6<=30,"임박 "&TEXT(K23-$C$6,"0")&"일","유효"))))) -> 만료일 없음 | U23: =IF(N23<>"임대중",0,IF(G23="",0,G23)+IF(H23="",0,H23)) -> 0
P24: =IF(C24="","",C24/3.305785) | Q24: =IF(OR(N24<>"임대중",E24<>"상가",F24=""),"",F24+G24*100) | R24: =IF(Q24="","",IF(Q24<=$C$7,"○ 전면적용","× 초과 (5%상한 미적용)")) | S24: =IF(N24<>"임대중","",IF(E24="상가",IF(I24="","확인 필요",TEXT(MAX(0,10-($C$6-I24)/365.25),"0.0")&"년"),IF(E24="주택",IF(L24="있음","소진(1회)",IF(L24="없음",IF(K24="","확인 필요",TEXT(EDATE(K24,24),"yyyy-mm")&"까지"),"확인 필요")),"확인 필요"))) | T24: =IF(N24="공실","공실",IF(N24="자가사용","자가사용",IF(K24="","만료일 없음",IF(K24<$C$6,"만료 +"&TEXT($C$6-K24,"0")&"일",IF(K24-$C$6<=30,"임박 "&TEXT(K24-$C$6,"0")&"일","유효"))))) -> 만료일 없음 | U24: =IF(N24<>"임대중",0,IF(G24="",0,G24)+IF(H24="",0,H24)) -> 0
P25: =IF(C25="","",C25/3.305785) | Q25: =IF(OR(N25<>"임대중",E25<>"상가",F25=""),"",F25+G25*100) | R25: =IF(Q25="","",IF(Q25<=$C$7,"○ 전면적용","× 초과 (5%상한 미적용)")) | S25: =IF(N25<>"임대중","",IF(E25="상가",IF(I25="","확인 필요",TEXT(MAX(0,10-($C$6-I25)/365.25),"0.0")&"년"),IF(E25="주택",IF(L25="있음","소진(1회)",IF(L25="없음",IF(K25="","확인 필요",TEXT(EDATE(K25,24),"yyyy-mm")&"까지"),"확인 필요")),"확인 필요"))) | T25: =IF(N25="공실","공실",IF(N25="자가사용","자가사용",IF(K25="","만료일 없음",IF(K25<$C$6,"만료 +"&TEXT($C$6-K25,"0")&"일",IF(K25-$C$6<=30,"임박 "&TEXT(K25-$C$6,"0")&"일","유효"))))) -> 만료일 없음 | U25: =IF(N25<>"임대중",0,IF(G25="",0,G25)+IF(H25="",0,H25)) -> 0
... P37: =IF(C37="","",C37/3.305785) | Q37: =IF(OR(N37<>"임대중",E37<>"상가",F37=""),"",F37+G37*100) | R37: =IF(Q37="","",IF(Q37<=$C$7,"○ 전면적용","× 초과 (5%상한 미적용)")) | S37: =IF(N37<>"임대중","",IF(E37="상가",IF(I37="","확인 필요",TEXT(MAX(0,10-($C$6-I37)/365.25),"0.0")&"년"),IF(E37="주택",IF(L37="있음","소진(1회)",IF(L37="없음",IF(K37="","확인 필요",TEXT(EDATE(K37,24),"yyyy-mm")&"까지"),"확인 필요")),"확인 필요"))) | T37: =IF(N37="공실","공실",IF(N37="자가사용","자가사용",IF(K37="","만료일 없음",IF(K37<$C$6,"만료 +"&TEXT($C$6-K37,"0")&"일",IF(K37-$C$6<=30,"임박 "&TEXT(K37-$C$6,"0")&"일","유효"))))) -> 만료일 없음 | U37: =IF(N37<>"임대중",0,IF(G37="",0,G37)+IF(H37="",0,H37)) -> 0
A38: 합계 | C38: =SUM(C13:C37) -> 132.5 | F38: =SUM(F13:F37) -> 50000000 | G38: =SUM(G13:G37) -> 4500000 | H38: =SUM(H13:H37) -> 550000 | P38: =SUM(P13:P37) -> 40.081252 | U38: =SUM(U13:U37) -> 5050000

Sheet 자동검증
B2: 자동 검증 — 발행 전 확인
B4: # | C4: 검증 항목 | D4: 결과 | E4: 판정 기준
B5: G19 | C5: 렌트롤 월세 합계 (정본) | D5: =TEXT(렌트롤!G38,"#,##0")&"원" -> 4,500,000원 | E5: 표지 요약과 다르면 발행 차단. 이 표가 정본입니다.
B6: C19 | C6: 임대면적 합계 | D6: =TEXT(렌트롤!C38,"#,##0.00")&"㎡ / "&TEXT(렌트롤!P38,"#,##0.0")&"평" -> 132.50㎡ / 40.1평 | E6: 건축물대장 연면적과 대조. 불일치 시 원인 규명 전까지 발행 보류.
B7: F11 | C7: 만료 계약 수 | D7: =COUNTIF(렌트롤!T13:T37,"만료*")&" / "&COUNTIF(렌트롤!N13:N37,"임대중")&"건" -> 24 / 1건 | E7: 1건 이상이면 호실별 경고.
B8: F12 | C8: 만료 비율 50% 초과 | D8: =IF(COUNTIF(렌트롤!T13:T37,"만료*")>COUNTIF(렌트롤!N13:N37,"임대중")/2,"발행 차단","통과") -> 발행 차단 | E8: 절반 초과 시 렌트롤 갱신 전까지 발행 불가.
B9: F13 | C9: 30일 내 만료 임박 | D9: =COUNTIF(렌트롤!T13:T37,"임박*")&"건" -> 0건 | E9: 재계약 조건이 딜 구조를 바꿉니다. 협의 상태 확인 필요.
B10: G18 | C10: 갱신권 판정 보류 | D10: =COUNTIF(렌트롤!S13:S37,"확인 필요")&"건" -> 0건 | E10: 최초계약일(상가)·행사이력(주택) 누락. 숫자 대신 "확인 필요" 출력.
B11: G13 | C11: 대항력 미확인 | D11: =COUNTIF(렌트롤!M13:M37,"미확인")&"건" -> 0건 | E11: 근거 없이 "없음" 표기 시 발행 차단.
B12: G17 | C12: 업종 미기재 | D12: =COUNTBLANK(렌트롤!D13:D37)&"건" -> 24건 | E12: 비면 "미상"으로 출력. 추론 금지.
B13: T-C | C13: 환산보증금 초과 호실 | D13: =COUNTIF(렌트롤!R13:R37,"×*")&"건" -> 0건 | E13: 초과 시 5% 인상상한·우선변제권 미적용. 갱신요구권은 적용됨.
B14: F01 | C14: 렌트롤 기준일 | D14: =IF(렌트롤!$C$5="","미기재",TEXT(렌트롤!$C$5,"yyyy-mm-dd")) -> 미기재 | E14: 없으면 신선도 판정 불가.
B15: C21 | C15: 공실 / 자가사용 | D15: =COUNTIF(렌트롤!N13:N37,"공실")&"건 / "&COUNTIF(렌트롤!N13:N37,"자가사용")&"건" -> 0건 / 0건 | E15: 자가사용은 임대 전환 여력. 공실 손실과 구분합니다.
B17: 해상도 판정 — 이 렌트롤로 무엇을 만들 수 있나
B18: 등급 | C18: 요건 | D18: 충족 | E18: 열리는 기능
B19: R1 최소형 | C19: 호실·업종·금액·만료일·임대상태 | D19: =IF(AND(COUNTIFS(렌트롤!N13:N37,"임대중",렌트롤!D13:D37,"<>")=COUNTIF(렌트롤!N13:N37,"임대중"),COUNTIFS(렌트롤!N13:N37,"임대중",렌트롤!K13:K37,"<>")=COUNTIF(렌트롤!N13:N37,"임대중"),COUNTA(렌트롤!N13:N37)=COUNTA(렌트롤!A13:A37)),"충족","미달") -> 충족 | E19: 렌트롤 표 · 만료 타임라인 · 총액 수익률
B20: R2 필요형 | C20: R1 + 면적·적용법령·관리비·시작일 | D20: =IF(AND(AND(COUNTIFS(렌트롤!N13:N37,"임대중",렌트롤!D13:D37,"<>")=COUNTIF(렌트롤!N13:N37,"임대중"),COUNTIFS(렌트롤!N13:N37,"임대중",렌트롤!K13:K37,"<>")=COUNTIF(렌트롤!N13:N37,"임대중"),COUNTA(렌트롤!N13:N37)=COUNTA(렌트롤!A13:A37)),COUNTA(렌트롤!C13:C37)=COUNTA(렌트롤!A13:A37),COUNTA(렌트롤!E13:E37)=COUNTA(렌트롤!A13:A37),COUNTIFS(렌트롤!N13:N37,"임대중",렌트롤!H13:H37,"<>")=COUNTIF(렌트롤!N13:N37,"임대중")),"충족","미달") -> 충족 | E20: 평당 단가 · 층별 단가 · 환산보증금 · 상임법 판정
B21: R3 표준형 | C21: R2 + 최초계약일·대항력 | D21: =IF(AND(AND(AND(COUNTIFS(렌트롤!N13:N37,"임대중",렌트롤!D13:D37,"<>")=COUNTIF(렌트롤!N13:N37,"임대중"),COUNTIFS(렌트롤!N13:N37,"임대중",렌트롤!K13:K37,"<>")=COUNTIF(렌트롤!N13:N37,"임대중"),COUNTA(렌트롤!N13:N37)=COUNTA(렌트롤!A13:A37)),COUNTA(렌트롤!C13:C37)=COUNTA(렌트롤!A13:A37),COUNTA(렌트롤!E13:E37)=COUNTA(렌트롤!A13:A37),COUNTIFS(렌트롤!N13:N37,"임대중",렌트롤!H13:H37,"<>")=COUNTIF(렌트롤!N13:N37,"임대중")),COUNTIFS(렌트롤!N13:N37,"임대중",렌트롤!I13:I37,"<>")=COUNTIF(렌트롤!N13:N37,"임대중"),COUNTIFS(렌트롤!N13:N37,"임대중",렌트롤!M13:M37,"미확인")=0),"충족","미달") -> 충족 | E21: 갱신요구권 · 명도 계획 · 임대료 정상화 시뮬
B23: 현재 해상도 | C23: =IF(AND(AND(AND(COUNTIFS(렌트롤!N13:N37,"임대중",렌트롤!D13:D37,"<>")=COUNTIF(렌트롤!N13:N37,"임대중"),COUNTIFS(렌트롤!N13:N37,"임대중",렌트롤!K13:K37,"<>")=COUNTIF(렌트롤!N13:N37,"임대중"),COUNTA(렌트롤!N13:N37)=COUNTA(렌트롤!A13:A37)),COUNTA(렌트롤!C13:C37)=COUNTA(렌트롤!A13:A37),COUNTA(렌트롤!E13:E37)=COUNTA(렌트롤!A13:A37),COUNTIFS(렌트롤!N13:N37,"임대중",렌트롤!H13:H37,"<>")=COUNTIF(렌트롤!N13:N37,"임대중")),COUNTIFS(렌트롤!N13:N37,"임대중",렌트롤!I13:I37,"<>")=COUNTIF(렌트롤!N13:N37,"임대중"),COUNTIFS(렌트롤!N13:N37,"임대중",렌트롤!M13:M37,"미확인")=0),"R3 표준형",IF(AND(AND(COUNTIFS(렌트롤!N13:N37,"임대중",렌트롤!D13:D37,"<>")=COUNTIF(렌트롤!N13:N37,"임대중"),COUNTIFS(렌트롤!N13:N37,"임대중",렌트롤!K13:K37,"<>")=COUNTIF(렌트롤!N13:N37,"임대중"),COUNTA(렌트롤!N13:N37)=COUNTA(렌트롤!A13:A37)),COUNTA(렌트롤!C13:C37)=COUNTA(렌트롤!A13:A37),COUNTA(렌트롤!E13:E37)=COUNTA(렌트롤!A13:A37),COUNTIFS(렌트롤!N13:N37,"임대중",렌트롤!H13:H37,"<>")=COUNTIF(렌트롤!N13:N37,"임대중")),"R2 필요형",IF(AND(COUNTIFS(렌트롤!N13:N37,"임대중",렌트롤!D13:D37,"<>")=COUNTIF(렌트롤!N13:N37,"임대중"),COUNTIFS(렌트롤!N13:N37,"임대중",렌트롤!K13:K37,"<>")=COUNTIF(렌트롤!N13:N37,"임대중"),COUNTA(렌트롤!N13:N37)=COUNTA(렌트롤!A13:A37)),"R1 최소형","R0 미달"))) -> R3 표준형
B24: 다음 한 칸 | C24: =IF(AND(AND(AND(COUNTIFS(렌트롤!N13:N37,"임대중",렌트롤!D13:D37,"<>")=COUNTIF(렌트롤!N13:N37,"임대중"),COUNTIFS(렌트롤!N13:N37,"임대중",렌트롤!K13:K37,"<>")=COUNTIF(렌트롤!N13:N37,"임대중"),COUNTA(렌트롤!N13:N37)=COUNTA(렌트롤!A13:A37)),COUNTA(렌트롤!C13:C37)=COUNTA(렌트롤!A13:A37),COUNTA(렌트롤!E13:E37)=COUNTA(렌트롤!A13:A37),COUNTIFS(렌트롤!N13:N37,"임대중",렌트롤!H13:H37,"<>")=COUNTIF(렌트롤!N13:N37,"임대중")),COUNTIFS(렌트롤!N13:N37,"임대중",렌트롤!I13:I37,"<>")=COUNTIF(렌트롤!N13:N37,"임대중"),COUNTIFS(렌트롤!N13:N37,"임대중",렌트롤!M13:M37,"미확인")=0),"완료 — 모든 기능 사용 가능",IF(AND(AND(COUNTIFS(렌트롤!N13:N37,"임대중",렌트롤!D13:D37,"<>")=COUNTIF(렌트롤!N13:N37,"임대중"),COUNTIFS(렌트롤!N13:N37,"임대중",렌트롤!K13:K37,"<>")=COUNTIF(렌트롤!N13:N37,"임대중"),COUNTA(렌트롤!N13:N37)=COUNTA(렌트롤!A13:A37)),COUNTA(렌트롤!C13:C37)=COUNTA(렌트롤!A13:A37),COUNTA(렌트롤!E13:E37)=COUNTA(렌트롤!A13:A37),COUNTIFS(렌트롤!N13:N37,"임대중",렌트롤!H13:H37,"<>")=COUNTIF(렌트롤!N13:N37,"임대중")),"「최초 계약일」과 「대항력 요건」을 채우면 갱신요구권·명도 계획이 열립니다",IF(AND(COUNTIFS(렌트롤!N13:N37,"임대중",렌트롤!D13:D37,"<>")=COUNTIF(렌트롤!N13:N37,"임대중"),COUNTIFS(렌트롤!N13:N37,"임대중",렌트롤!K13:K37,"<>")=COUNTIF(렌트롤!N13:N37,"임대중"),COUNTA(렌트롤!N13:N37)=COUNTA(렌트롤!A13:A37)),"「적용법령」을 채우면 환산보증금·상임법 판정이 열립니다. 「임대면적」은 평당 단가를 엽니다","「업종」과 「현 계약 만료일」부터 채우세요. 렌트롤 표를 그릴 수 없습니다"))) -> 완료 — 모든 기능 사용 가능
