Workbook

Sheet 기입요령
B2: CREDEAL 렌트롤 표준 양식 v1.2 — 기입요령
B4: 모바일 IM 업로드용 표준 양식입니다. 「렌트롤」 시트의 노란색 셀만 입력하세요.
B6: 색상 규칙
B7: 노란색 | C7: 입력 셀 — 여기만 채웁니다
B8: 회색 | C8: 자동계산 — 수식이 들어 있으니 건드리지 마세요
B9: 분홍색 | C9: 경고 — 비면 판정이 보류되는 항목
B11: 반드시 채워야 하는 항목
B12: 호실/층 | C12: 원본 표기 그대로. 「9F(1)」처럼 한 층에 둘이면 행을 나눠 적습니다.
B13: 업종/상호 (원문) | C13: ⚠ 계약서·렌트롤에 적힌 문구를 그대로 옮깁니다. 「사무실」이면 「사무실」입니다. 업종을 추측해 바꾸지 마세요.
B14: 적용법령 | C14: 상가 / 주택 / 미확인. 주거로 쓰는 오피스텔은 「주택」입니다. 이 값에 따라 갱신요구권 계산이 완전히 달라집니다.
B15: 임대상태 | C15: 임대중 / 공실 / 자가사용. 소유자가 직접 쓰는 층은 「자가사용」입니다 — 공실이 아니지만 임대수입도 없습니다.
B16: 보증금·월세·관리비 | C16: 원 단위 숫자만. VAT 별도. 「5,000만」처럼 적지 마세요.
B17: 현 계약 만료일 | C17: 명도 시점 산출의 기준입니다.
B19: 비면 판정이 보류되는 항목
B20: 최초 계약일 | C20: 이 임차인이 처음 입주한 날. 현 계약 시작일과 다릅니다. ★ 상가 갱신요구권 10년은 이 날짜로 기산합니다. 비면 「확인 필요」로 출력됩니다.
B21: 갱신요구권 행사 | C21: 있음 / 없음 / 모름. ★ 주택은 1회 한정이라 이 값 없이는 계산할 수 없습니다. 묵시적 갱신은 「없음」입니다 — 갱신요구권을 쓴 것이 아닙니다.
B22: 대항력 요건 | C22: 사업자등록 / 주민등록 / 미확인. 근거 없이 「없음」으로 적으면 발행이 막힙니다.
B24: 계약그룹 — 한 임차인이 여러 층을 쓸 때
B25: 쓰는 법 | C25: 같은 계약이면 같은 이름을 적습니다. 예: 1F와 2F가 한 계약이면 둘 다 「A」.
B26: 금액 기입 | C26: 대표 행에만 보증금·월세를 적고 나머지는 비웁니다. 면적은 각 행에 적습니다.
B27: 환산보증금 | C27: 금액이 있는 대표 행에서만 계산됩니다. 층별로 쪼개지 않습니다.
B29: 자주 나는 실수
B30: 업종 추측 | C30: 「사무실」을 「IT스타트업」으로 바꿔 적는 경우. 실제로 있었던 오류입니다.
B31: 경과년수로 갱신권 역산 | C31: 주택은 최초계약일로 계산할 수 없습니다. 행사 이력이 있어야 합니다.
B32: 계 행을 손으로 입력 | C32: 합계는 자동입니다. 손으로 적으면 각 행 합과 어긋납니다. 실제로 있었던 오류입니다.
B33: 자가사용을 공실로 | C33: 자가사용은 임대 전환 여력이지 공실 손실이 아닙니다. 구분해 적으세요.
B34: 환산보증금 직접 계산 | C34: 자동입니다. 주택에는 이 개념이 없습니다.
B36: 자동 계산
B37: 임대면적(평) | C37: ㎡ ÷ 3.305785
B38: 환산보증금 | C38: 보증금 + 월세×100. 상가·임대중인 대표 행만.
B39: 상임법 전면적용 | C39: 환산보증금이 지역 기준(서울 9억) 이하이면 ○. 초과하면 5% 인상상한·우선변제권이 적용되지 않습니다.
B40: 갱신권 잔여 | C40: 상가 = 10년 − 최초계약일 경과. 주택 = 행사 이력에 따라 판정.
B41: 계약 상태 | C41: 평가 기준일과 만료일 비교. 30일 이내면 「임박」.
B42: 월 총수입 | C42: 월세 + 관리비. 공실·자가사용은 0.

Sheet 렌트롤
A1: CREDEAL 렌트롤 — 당산동5가 11-47 (실측)
A3: 물건명 | C3: 당산동5가 11-47 근생빌딩 | F3: ⚠ 렌트롤 기준일이 비면 신선도 판정을 할 수 없습니다
A4: 소재지 | C4: 서울특별시 영등포구 당산동5가 11-47 | F4: ※ 환산보증금: 서울 9억 · 과밀억제권역 6.9억 · 광역시 5.4억 · 그 밖 3.7억
A5: 렌트롤 기준일 | C5: 45778
A6: 평가 기준일 | C6: 46257
A7: 환산보증금 지역기준(원) | C7: 900000000
A8: 작성자 | C8: (원본 IM p6 판독)
A9: 작성일 | C9: 46257
A11: 해상도 | B11: R2 | C11: R2 | D11: R1 | E11: R2 | F11: R1 | G11: R1 | H11: R2 | I11: R3 | J11: R2 | K11: R1 | L11: R3 | M11: R3 | N11: R1 | O11: —
A12: 호실/층 | B12: 계약그룹 | C12: 임대면적(㎡) | D12: 업종/상호 (원문) | E12: 적용법령 | F12: 보증금(원) | G12: 월세(원,VAT별도) | H12: 관리비(원,VAT별도) | I12: 최초 계약일 | J12: 현 계약 시작일 | K12: 현 계약 만료일 | L12: 갱신요구권 행사 | M12: 대항력 요건 | N12: 임대상태 | O12: 비고 | P12: 임대면적(평) | Q12: 환산보증금(자동) | R12: 상임법 전면적용 | S12: 갱신권 잔여(자동) | T12: 계약 상태(자동) | U12: 월 총수입(자동)
A13: B1 | C13: 317.22 | D13: 데이르 카페 | E13: 미확인 | L13: 모름 | M13: 미확인 | N13: 자가사용 | O13: 소유자 직접 운영 · 임대 전환 대상 | P13: =IF(C13="","",C13/3.305785) -> 95.959054 | Q13: =IF(OR(N13<>"임대중",E13<>"상가",F13=""),"",F13+G13*100) | R13: =IF(Q13="","",IF(Q13<=$C$7,"○ 전면적용","× 초과 (5%상한 미적용)")) | S13: =IF(N13<>"임대중","",IF(E13="상가",IF(I13="","확인 필요",TEXT(MAX(0,10-($C$6-I13)/365.25),"0.0")&"년"),IF(E13="주택",IF(L13="있음","소진(1회)",IF(L13="없음",IF(K13="","확인 필요",TEXT(EDATE(K13,24),"yyyy-mm")&"까지"),"확인 필요")),"확인 필요"))) | T13: =IF(N13="공실","공실",IF(N13="자가사용","자가사용",IF(K13="","만료일 없음",IF(K13<$C$6,"만료 +"&TEXT($C$6-K13,"0")&"일",IF(K13-$C$6<=30,"임박 "&TEXT(K13-$C$6,"0")&"일","유효"))))) -> 자가사용 | U13: =IF(N13<>"임대중",0,IF(G13="",0,G13)+IF(H13="",0,H13)) -> 0
A14: 1F | B14: A | C14: 78.39 | D14: 고은약국 | E14: 상가 | F14: 60000000 | G14: 1830000 | K14: 46265 | L14: 모름 | M14: 미확인 | N14: 임대중 | O14: 비고 "임대 11년 경과" | P14: =IF(C14="","",C14/3.305785) -> 23.712976 | Q14: =IF(OR(N14<>"임대중",E14<>"상가",F14=""),"",F14+G14*100) -> 243000000 | R14: =IF(Q14="","",IF(Q14<=$C$7,"○ 전면적용","× 초과 (5%상한 미적용)")) -> ○ 전면적용 | S14: =IF(N14<>"임대중","",IF(E14="상가",IF(I14="","확인 필요",TEXT(MAX(0,10-($C$6-I14)/365.25),"0.0")&"년"),IF(E14="주택",IF(L14="있음","소진(1회)",IF(L14="없음",IF(K14="","확인 필요",TEXT(EDATE(K14,24),"yyyy-mm")&"까지"),"확인 필요")),"확인 필요"))) -> 확인 필요 | T14: =IF(N14="공실","공실",IF(N14="자가사용","자가사용",IF(K14="","만료일 없음",IF(K14<$C$6,"만료 +"&TEXT($C$6-K14,"0")&"일",IF(K14-$C$6<=30,"임박 "&TEXT(K14-$C$6,"0")&"일","유효"))))) -> 임박 8일 | U14: =IF(N14<>"임대중",0,IF(G14="",0,G14)+IF(H14="",0,H14)) -> 1830000
A15: 1F | B15: B | C15: 105.6 | D15: 로뎀나무내과 | E15: 상가 | F15: 140000000 | G15: 8830000 | K15: 46265 | L15: 모름 | M15: 미확인 | N15: 임대중 | O15: 1F+2F 통합계약 · "임대 11년 경과" | P15: =IF(C15="","",C15/3.305785) -> 31.944001 | Q15: =IF(OR(N15<>"임대중",E15<>"상가",F15=""),"",F15+G15*100) -> 1023000000 | R15: =IF(Q15="","",IF(Q15<=$C$7,"○ 전면적용","× 초과 (5%상한 미적용)")) -> × 초과 (5%상한 미적용) | S15: =IF(N15<>"임대중","",IF(E15="상가",IF(I15="","확인 필요",TEXT(MAX(0,10-($C$6-I15)/365.25),"0.0")&"년"),IF(E15="주택",IF(L15="있음","소진(1회)",IF(L15="없음",IF(K15="","확인 필요",TEXT(EDATE(K15,24),"yyyy-mm")&"까지"),"확인 필요")),"확인 필요"))) -> 확인 필요 | T15: =IF(N15="공실","공실",IF(N15="자가사용","자가사용",IF(K15="","만료일 없음",IF(K15<$C$6,"만료 +"&TEXT($C$6-K15,"0")&"일",IF(K15-$C$6<=30,"임박 "&TEXT(K15-$C$6,"0")&"일","유효"))))) -> 임박 8일 | U15: =IF(N15<>"임대중",0,IF(G15="",0,G15)+IF(H15="",0,H15)) -> 8830000
A16: 2F | B16: B | C16: 252.09 | D16: 로뎀나무내과 | E16: 상가 | K16: 46265 | L16: 모름 | M16: 미확인 | N16: 임대중 | O16: B그룹 (금액은 1F 행) | P16: =IF(C16="","",C16/3.305785) -> 76.257228 | Q16: =IF(OR(N16<>"임대중",E16<>"상가",F16=""),"",F16+G16*100) | R16: =IF(Q16="","",IF(Q16<=$C$7,"○ 전면적용","× 초과 (5%상한 미적용)")) | S16: =IF(N16<>"임대중","",IF(E16="상가",IF(I16="","확인 필요",TEXT(MAX(0,10-($C$6-I16)/365.25),"0.0")&"년"),IF(E16="주택",IF(L16="있음","소진(1회)",IF(L16="없음",IF(K16="","확인 필요",TEXT(EDATE(K16,24),"yyyy-mm")&"까지"),"확인 필요")),"확인 필요"))) -> 확인 필요 | T16: =IF(N16="공실","공실",IF(N16="자가사용","자가사용",IF(K16="","만료일 없음",IF(K16<$C$6,"만료 +"&TEXT($C$6-K16,"0")&"일",IF(K16-$C$6<=30,"임박 "&TEXT(K16-$C$6,"0")&"일","유효"))))) -> 임박 8일 | U16: =IF(N16<>"임대중",0,IF(G16="",0,G16)+IF(H16="",0,H16)) -> 0
A17: 3F | B17: C | C17: 252.09 | D17: 헬쓰장 | E17: 상가 | F17: 50000000 | G17: 4550000 | K17: 46129 | L17: 모름 | M17: 미확인 | N17: 임대중 | P17: =IF(C17="","",C17/3.305785) -> 76.257228 | Q17: =IF(OR(N17<>"임대중",E17<>"상가",F17=""),"",F17+G17*100) -> 505000000 | R17: =IF(Q17="","",IF(Q17<=$C$7,"○ 전면적용","× 초과 (5%상한 미적용)")) -> ○ 전면적용 | S17: =IF(N17<>"임대중","",IF(E17="상가",IF(I17="","확인 필요",TEXT(MAX(0,10-($C$6-I17)/365.25),"0.0")&"년"),IF(E17="주택",IF(L17="있음","소진(1회)",IF(L17="없음",IF(K17="","확인 필요",TEXT(EDATE(K17,24),"yyyy-mm")&"까지"),"확인 필요")),"확인 필요"))) -> 확인 필요 | T17: =IF(N17="공실","공실",IF(N17="자가사용","자가사용",IF(K17="","만료일 없음",IF(K17<$C$6,"만료 +"&TEXT($C$6-K17,"0")&"일",IF(K17-$C$6<=30,"임박 "&TEXT(K17-$C$6,"0")&"일","유효"))))) -> 만료 +128일 | U17: =IF(N17<>"임대중",0,IF(G17="",0,G17)+IF(H17="",0,H17)) -> 4550000
A18: 4F | B18: D | C18: 169.06 | D18: 국제와인 | E18: 상가 | F18: 30000000 | G18: 2600000 | K18: 45777 | L18: 모름 | M18: 미확인 | N18: 임대중 | O18: IM 작성(2025.05) 시점에 이미 만료 | P18: =IF(C18="","",C18/3.305785) -> 51.140652 | Q18: =IF(OR(N18<>"임대중",E18<>"상가",F18=""),"",F18+G18*100) -> 290000000 | R18: =IF(Q18="","",IF(Q18<=$C$7,"○ 전면적용","× 초과 (5%상한 미적용)")) -> ○ 전면적용 | S18: =IF(N18<>"임대중","",IF(E18="상가",IF(I18="","확인 필요",TEXT(MAX(0,10-($C$6-I18)/365.25),"0.0")&"년"),IF(E18="주택",IF(L18="있음","소진(1회)",IF(L18="없음",IF(K18="","확인 필요",TEXT(EDATE(K18,24),"yyyy-mm")&"까지"),"확인 필요")),"확인 필요"))) -> 확인 필요 | T18: =IF(N18="공실","공실",IF(N18="자가사용","자가사용",IF(K18="","만료일 없음",IF(K18<$C$6,"만료 +"&TEXT($C$6-K18,"0")&"일",IF(K18-$C$6<=30,"임박 "&TEXT(K18-$C$6,"0")&"일","유효"))))) -> 만료 +480일 | U18: =IF(N18<>"임대중",0,IF(G18="",0,G18)+IF(H18="",0,H18)) -> 2600000
A19: 4F | C19: 83.03 | D19: (자가) | E19: 미확인 | L19: 모름 | M19: 미확인 | N19: 자가사용 | O19: 임대 전환 대상 | P19: =IF(C19="","",C19/3.305785) -> 25.116576 | Q19: =IF(OR(N19<>"임대중",E19<>"상가",F19=""),"",F19+G19*100) | R19: =IF(Q19="","",IF(Q19<=$C$7,"○ 전면적용","× 초과 (5%상한 미적용)")) | S19: =IF(N19<>"임대중","",IF(E19="상가",IF(I19="","확인 필요",TEXT(MAX(0,10-($C$6-I19)/365.25),"0.0")&"년"),IF(E19="주택",IF(L19="있음","소진(1회)",IF(L19="없음",IF(K19="","확인 필요",TEXT(EDATE(K19,24),"yyyy-mm")&"까지"),"확인 필요")),"확인 필요"))) | T19: =IF(N19="공실","공실",IF(N19="자가사용","자가사용",IF(K19="","만료일 없음",IF(K19<$C$6,"만료 +"&TEXT($C$6-K19,"0")&"일",IF(K19-$C$6<=30,"임박 "&TEXT(K19-$C$6,"0")&"일","유효"))))) -> 자가사용 | U19: =IF(N19<>"임대중",0,IF(G19="",0,G19)+IF(H19="",0,H19)) -> 0
A20: 5F | B20: E | C20: 183.67 | D20: 로뎀나무내과 | E20: 상가 | F20: 10000000 | G20: 1650000 | K20: 46265 | L20: 모름 | M20: 미확인 | N20: 임대중 | O20: 별도 계약 · "임대 11년 경과" | P20: =IF(C20="","",C20/3.305785) -> 55.560177 | Q20: =IF(OR(N20<>"임대중",E20<>"상가",F20=""),"",F20+G20*100) -> 175000000 | R20: =IF(Q20="","",IF(Q20<=$C$7,"○ 전면적용","× 초과 (5%상한 미적용)")) -> ○ 전면적용 | S20: =IF(N20<>"임대중","",IF(E20="상가",IF(I20="","확인 필요",TEXT(MAX(0,10-($C$6-I20)/365.25),"0.0")&"년"),IF(E20="주택",IF(L20="있음","소진(1회)",IF(L20="없음",IF(K20="","확인 필요",TEXT(EDATE(K20,24),"yyyy-mm")&"까지"),"확인 필요")),"확인 필요"))) -> 확인 필요 | T20: =IF(N20="공실","공실",IF(N20="자가사용","자가사용",IF(K20="","만료일 없음",IF(K20<$C$6,"만료 +"&TEXT($C$6-K20,"0")&"일",IF(K20-$C$6<=30,"임박 "&TEXT(K20-$C$6,"0")&"일","유효"))))) -> 임박 8일 | U20: =IF(N20<>"임대중",0,IF(G20="",0,G20)+IF(H20="",0,H20)) -> 1650000
A21: 합계 | C21: =SUM(C13:C20) -> 1441.15 | F21: =SUM(F13:F20) -> 290000000 | G21: =SUM(G13:G20) -> 19460000 | H21: =SUM(H13:H20) -> 0 | P21: =SUM(P13:P20) -> 435.94789 | U21: =SUM(U13:U20) -> 19460000

Sheet 임대료현실화
A1: 임대료 현실화 계획 (원본 p7) — ◇가정
A3: 물건명 | C3: 당산동5가 11-47 — 임대료 현실화 계획 | F3: ⚠ 렌트롤 기준일이 비면 신선도 판정을 할 수 없습니다
A4: 소재지 | C4: 서울특별시 영등포구 당산동5가 11-47 | F4: ※ 환산보증금: 서울 9억 · 과밀억제권역 6.9억 · 광역시 5.4억 · 그 밖 3.7억
A5: 렌트롤 기준일 | C5: 45778
A6: 평가 기준일 | C6: 46257
A7: 환산보증금 지역기준(원) | C7: 900000000
A8: 작성자 | C8: (원본 IM p7 판독) ◇가정 — 실현 미확정
A9: 작성일 | C9: 46257
A11: 해상도 | B11: R2 | C11: R2 | D11: R1 | E11: R2 | F11: R1 | G11: R1 | H11: R2 | I11: R3 | J11: R2 | K11: R1 | L11: R3 | M11: R3 | N11: R1 | O11: —
A12: 호실/층 | B12: 계약그룹 | C12: 임대면적(㎡) | D12: 업종/상호 (원문) | E12: 적용법령 | F12: 보증금(원) | G12: 월세(원,VAT별도) | H12: 관리비(원,VAT별도) | I12: 최초 계약일 | J12: 현 계약 시작일 | K12: 현 계약 만료일 | L12: 갱신요구권 행사 | M12: 대항력 요건 | N12: 임대상태 | O12: 비고 | P12: 임대면적(평) | Q12: 환산보증금(자동) | R12: 상임법 전면적용 | S12: 갱신권 잔여(자동) | T12: 계약 상태(자동) | U12: 월 총수입(자동)
A13: B1 | B13: P1 | C13: 317.22 | D13: 데이르 카페 | E13: 상가 | F13: 50000000 | G13: 4580000 | L13: 모름 | M13: 미확인 | N13: 임대중 | O13: 자가 → 임대 전환 · 기준층의 80% | P13: =IF(C13="","",C13/3.305785) -> 95.959054 | Q13: =IF(OR(N13<>"임대중",E13<>"상가",F13=""),"",F13+G13*100) -> 508000000 | R13: =IF(Q13="","",IF(Q13<=$C$7,"○ 전면적용","× 초과 (5%상한 미적용)")) -> ○ 전면적용 | S13: =IF(N13<>"임대중","",IF(E13="상가",IF(I13="","확인 필요",TEXT(MAX(0,10-($C$6-I13)/365.25),"0.0")&"년"),IF(E13="주택",IF(L13="있음","소진(1회)",IF(L13="없음",IF(K13="","확인 필요",TEXT(EDATE(K13,24),"yyyy-mm")&"까지"),"확인 필요")),"확인 필요"))) -> 확인 필요 | T13: =IF(N13="공실","공실",IF(N13="자가사용","자가사용",IF(K13="","만료일 없음",IF(K13<$C$6,"만료 +"&TEXT($C$6-K13,"0")&"일",IF(K13-$C$6<=30,"임박 "&TEXT(K13-$C$6,"0")&"일","유효"))))) -> 만료일 없음 | U13: =IF(N13<>"임대중",0,IF(G13="",0,G13)+IF(H13="",0,H13)) -> 4580000
A14: 1F | B14: P2 | C14: 78.39 | D14: 고은약국 | E14: 상가 | F14: 60000000 | G14: 3450000 | L14: 모름 | M14: 미확인 | N14: 임대중 | O14: 기준층의 2.5배 | P14: =IF(C14="","",C14/3.305785) -> 23.712976 | Q14: =IF(OR(N14<>"임대중",E14<>"상가",F14=""),"",F14+G14*100) -> 405000000 | R14: =IF(Q14="","",IF(Q14<=$C$7,"○ 전면적용","× 초과 (5%상한 미적용)")) -> ○ 전면적용 | S14: =IF(N14<>"임대중","",IF(E14="상가",IF(I14="","확인 필요",TEXT(MAX(0,10-($C$6-I14)/365.25),"0.0")&"년"),IF(E14="주택",IF(L14="있음","소진(1회)",IF(L14="없음",IF(K14="","확인 필요",TEXT(EDATE(K14,24),"yyyy-mm")&"까지"),"확인 필요")),"확인 필요"))) -> 확인 필요 | T14: =IF(N14="공실","공실",IF(N14="자가사용","자가사용",IF(K14="","만료일 없음",IF(K14<$C$6,"만료 +"&TEXT($C$6-K14,"0")&"일",IF(K14-$C$6<=30,"임박 "&TEXT(K14-$C$6,"0")&"일","유효"))))) -> 만료일 없음 | U14: =IF(N14<>"임대중",0,IF(G14="",0,G14)+IF(H14="",0,H14)) -> 3450000
A15: 1F | B15: P3 | C15: 105.6 | D15: 로뎀나무내과 | E15: 상가 | F15: 140000000 | G15: 8160000 | L15: 모름 | M15: 미확인 | N15: 임대중 | O15: 1F+2F 통합 · 기준층의 2배 · 현행 8,830 → 감액 | P15: =IF(C15="","",C15/3.305785) -> 31.944001 | Q15: =IF(OR(N15<>"임대중",E15<>"상가",F15=""),"",F15+G15*100) -> 956000000 | R15: =IF(Q15="","",IF(Q15<=$C$7,"○ 전면적용","× 초과 (5%상한 미적용)")) -> × 초과 (5%상한 미적용) | S15: =IF(N15<>"임대중","",IF(E15="상가",IF(I15="","확인 필요",TEXT(MAX(0,10-($C$6-I15)/365.25),"0.0")&"년"),IF(E15="주택",IF(L15="있음","소진(1회)",IF(L15="없음",IF(K15="","확인 필요",TEXT(EDATE(K15,24),"yyyy-mm")&"까지"),"확인 필요")),"확인 필요"))) -> 확인 필요 | T15: =IF(N15="공실","공실",IF(N15="자가사용","자가사용",IF(K15="","만료일 없음",IF(K15<$C$6,"만료 +"&TEXT($C$6-K15,"0")&"일",IF(K15-$C$6<=30,"임박 "&TEXT(K15-$C$6,"0")&"일","유효"))))) -> 만료일 없음 | U15: =IF(N15<>"임대중",0,IF(G15="",0,G15)+IF(H15="",0,H15)) -> 8160000
A16: 2F | B16: P3 | C16: 252.09 | D16: 로뎀나무내과 | E16: 상가 | L16: 모름 | M16: 미확인 | N16: 임대중 | O16: P3그룹 · 기준층 동일 | P16: =IF(C16="","",C16/3.305785) -> 76.257228 | Q16: =IF(OR(N16<>"임대중",E16<>"상가",F16=""),"",F16+G16*100) | R16: =IF(Q16="","",IF(Q16<=$C$7,"○ 전면적용","× 초과 (5%상한 미적용)")) | S16: =IF(N16<>"임대중","",IF(E16="상가",IF(I16="","확인 필요",TEXT(MAX(0,10-($C$6-I16)/365.25),"0.0")&"년"),IF(E16="주택",IF(L16="있음","소진(1회)",IF(L16="없음",IF(K16="","확인 필요",TEXT(EDATE(K16,24),"yyyy-mm")&"까지"),"확인 필요")),"확인 필요"))) -> 확인 필요 | T16: =IF(N16="공실","공실",IF(N16="자가사용","자가사용",IF(K16="","만료일 없음",IF(K16<$C$6,"만료 +"&TEXT($C$6-K16,"0")&"일",IF(K16-$C$6<=30,"임박 "&TEXT(K16-$C$6,"0")&"일","유효"))))) -> 만료일 없음 | U16: =IF(N16<>"임대중",0,IF(G16="",0,G16)+IF(H16="",0,H16)) -> 0
A17: 3F | B17: P4 | C17: 252.09 | D17: 헬쓰장 | E17: 상가 | F17: 50000000 | G17: 4550000 | L17: 모름 | M17: 미확인 | N17: 임대중 | O17: 기준단가 62.4천원/평 · 현행 유지 | P17: =IF(C17="","",C17/3.305785) -> 76.257228 | Q17: =IF(OR(N17<>"임대중",E17<>"상가",F17=""),"",F17+G17*100) -> 505000000 | R17: =IF(Q17="","",IF(Q17<=$C$7,"○ 전면적용","× 초과 (5%상한 미적용)")) -> ○ 전면적용 | S17: =IF(N17<>"임대중","",IF(E17="상가",IF(I17="","확인 필요",TEXT(MAX(0,10-($C$6-I17)/365.25),"0.0")&"년"),IF(E17="주택",IF(L17="있음","소진(1회)",IF(L17="없음",IF(K17="","확인 필요",TEXT(EDATE(K17,24),"yyyy-mm")&"까지"),"확인 필요")),"확인 필요"))) -> 확인 필요 | T17: =IF(N17="공실","공실",IF(N17="자가사용","자가사용",IF(K17="","만료일 없음",IF(K17<$C$6,"만료 +"&TEXT($C$6-K17,"0")&"일",IF(K17-$C$6<=30,"임박 "&TEXT(K17-$C$6,"0")&"일","유효"))))) -> 만료일 없음 | U17: =IF(N17<>"임대중",0,IF(G17="",0,G17)+IF(H17="",0,H17)) -> 4550000
A18: 4F | B18: P5 | C18: 169.06 | D18: 국제와인 | E18: 상가 | F18: 30000000 | G18: 3060000 | L18: 모름 | M18: 미확인 | N18: 임대중 | O18: 기준층 동일 · 갱신요구권 잔여 확인 필요 | P18: =IF(C18="","",C18/3.305785) -> 51.140652 | Q18: =IF(OR(N18<>"임대중",E18<>"상가",F18=""),"",F18+G18*100) -> 336000000 | R18: =IF(Q18="","",IF(Q18<=$C$7,"○ 전면적용","× 초과 (5%상한 미적용)")) -> ○ 전면적용 | S18: =IF(N18<>"임대중","",IF(E18="상가",IF(I18="","확인 필요",TEXT(MAX(0,10-($C$6-I18)/365.25),"0.0")&"년"),IF(E18="주택",IF(L18="있음","소진(1회)",IF(L18="없음",IF(K18="","확인 필요",TEXT(EDATE(K18,24),"yyyy-mm")&"까지"),"확인 필요")),"확인 필요"))) -> 확인 필요 | T18: =IF(N18="공실","공실",IF(N18="자가사용","자가사용",IF(K18="","만료일 없음",IF(K18<$C$6,"만료 +"&TEXT($C$6-K18,"0")&"일",IF(K18-$C$6<=30,"임박 "&TEXT(K18-$C$6,"0")&"일","유효"))))) -> 만료일 없음 | U18: =IF(N18<>"임대중",0,IF(G18="",0,G18)+IF(H18="",0,H18)) -> 3060000
A19: 4F | B19: P6 | C19: 83.03 | D19: (자가) | E19: 상가 | F19: 30000000 | G19: 1440000 | L19: 모름 | M19: 미확인 | N19: 임대중 | O19: 자가 → 임대 전환 | P19: =IF(C19="","",C19/3.305785) -> 25.116576 | Q19: =IF(OR(N19<>"임대중",E19<>"상가",F19=""),"",F19+G19*100) -> 174000000 | R19: =IF(Q19="","",IF(Q19<=$C$7,"○ 전면적용","× 초과 (5%상한 미적용)")) -> ○ 전면적용 | S19: =IF(N19<>"임대중","",IF(E19="상가",IF(I19="","확인 필요",TEXT(MAX(0,10-($C$6-I19)/365.25),"0.0")&"년"),IF(E19="주택",IF(L19="있음","소진(1회)",IF(L19="없음",IF(K19="","확인 필요",TEXT(EDATE(K19,24),"yyyy-mm")&"까지"),"확인 필요")),"확인 필요"))) -> 확인 필요 | T19: =IF(N19="공실","공실",IF(N19="자가사용","자가사용",IF(K19="","만료일 없음",IF(K19<$C$6,"만료 +"&TEXT($C$6-K19,"0")&"일",IF(K19-$C$6<=30,"임박 "&TEXT(K19-$C$6,"0")&"일","유효"))))) -> 만료일 없음 | U19: =IF(N19<>"임대중",0,IF(G19="",0,G19)+IF(H19="",0,H19)) -> 1440000
A20: 5F | B20: P7 | C20: 183.67 | D20: 로뎀나무내과 | E20: 상가 | F20: 10000000 | G20: 3430000 | L20: 모름 | M20: 미확인 | N20: 임대중 | O20: 기준층 동일 | P20: =IF(C20="","",C20/3.305785) -> 55.560177 | Q20: =IF(OR(N20<>"임대중",E20<>"상가",F20=""),"",F20+G20*100) -> 353000000 | R20: =IF(Q20="","",IF(Q20<=$C$7,"○ 전면적용","× 초과 (5%상한 미적용)")) -> ○ 전면적용 | S20: =IF(N20<>"임대중","",IF(E20="상가",IF(I20="","확인 필요",TEXT(MAX(0,10-($C$6-I20)/365.25),"0.0")&"년"),IF(E20="주택",IF(L20="있음","소진(1회)",IF(L20="없음",IF(K20="","확인 필요",TEXT(EDATE(K20,24),"yyyy-mm")&"까지"),"확인 필요")),"확인 필요"))) -> 확인 필요 | T20: =IF(N20="공실","공실",IF(N20="자가사용","자가사용",IF(K20="","만료일 없음",IF(K20<$C$6,"만료 +"&TEXT($C$6-K20,"0")&"일",IF(K20-$C$6<=30,"임박 "&TEXT(K20-$C$6,"0")&"일","유효"))))) -> 만료일 없음 | U20: =IF(N20<>"임대중",0,IF(G20="",0,G20)+IF(H20="",0,H20)) -> 3430000
A21: 합계 | C21: =SUM(C13:C20) -> 1441.15 | F21: =SUM(F13:F20) -> 370000000 | G21: =SUM(G13:G20) -> 28670000 | H21: =SUM(H13:H20) -> 0 | P21: =SUM(P13:P20) -> 435.94789 | U21: =SUM(U13:U20) -> 28670000

Sheet 자동검증
B2: 자동 검증 — 발행 전 확인
B4: # | C4: 검증 항목 | D4: 결과 | E4: 판정 기준
B5: G19 | C5: 렌트롤 월세 합계 (정본) | D5: =TEXT(렌트롤!G21,"#,##0")&"원" -> 19,460,000원 | E5: 표지 요약과 다르면 발행 차단. 이 표가 정본입니다.
B6: C19 | C6: 임대면적 합계 | D6: =TEXT(렌트롤!C21,"#,##0.00")&"㎡ / "&TEXT(렌트롤!P21,"#,##0.0")&"평" -> 1,441.15㎡ / 435.9평 | E6: 건축물대장 연면적과 대조. 불일치 시 원인 규명 전까지 발행 보류.
B7: F11 | C7: 만료 계약 수 | D7: =COUNTIF(렌트롤!T13:T20,"만료*")&" / "&COUNTIF(렌트롤!N13:N20,"임대중")&"건" -> 2 / 6건 | E7: 1건 이상이면 호실별 경고.
B8: F12 | C8: 만료 비율 50% 초과 | D8: =IF(COUNTIF(렌트롤!T13:T20,"만료*")>COUNTIF(렌트롤!N13:N20,"임대중")/2,"발행 차단","통과") -> 통과 | E8: 절반 초과 시 렌트롤 갱신 전까지 발행 불가.
B9: F13 | C9: 30일 내 만료 임박 | D9: =COUNTIF(렌트롤!T13:T20,"임박*")&"건" -> 4건 | E9: 재계약 조건이 딜 구조를 바꿉니다. 협의 상태 확인 필요.
B10: G18 | C10: 갱신권 판정 보류 | D10: =COUNTIF(렌트롤!S13:S20,"확인 필요")&"건" -> 6건 | E10: 최초계약일(상가)·행사이력(주택) 누락. 숫자 대신 "확인 필요" 출력.
B11: G13 | C11: 대항력 미확인 | D11: =COUNTIF(렌트롤!M13:M20,"미확인")&"건" -> 8건 | E11: 근거 없이 "없음" 표기 시 발행 차단.
B12: G17 | C12: 업종 미기재 | D12: =COUNTBLANK(렌트롤!D13:D20)&"건" -> 0건 | E12: 비면 "미상"으로 출력. 추론 금지.
B13: T-C | C13: 환산보증금 초과 호실 | D13: =COUNTIF(렌트롤!R13:R20,"×*")&"건" -> 1건 | E13: 초과 시 5% 인상상한·우선변제권 미적용. 갱신요구권은 적용됨.
B14: F01 | C14: 렌트롤 기준일 | D14: =IF(렌트롤!$C$5="","미기재",TEXT(렌트롤!$C$5,"yyyy-mm-dd")) -> 2025-05-01 | E14: 없으면 신선도 판정 불가.
B15: C21 | C15: 공실 / 자가사용 | D15: =COUNTIF(렌트롤!N13:N20,"공실")&"건 / "&COUNTIF(렌트롤!N13:N20,"자가사용")&"건" -> 0건 / 2건 | E15: 자가사용은 임대 전환 여력. 공실 손실과 구분합니다.
B17: 해상도 판정 — 이 렌트롤로 무엇을 만들 수 있나
B18: 등급 | C18: 요건 | D18: 충족 | E18: 열리는 기능
B19: R1 최소형 | C19: 호실·업종·금액·만료일·임대상태 | D19: =IF(AND(COUNTIFS(렌트롤!N13:N20,"임대중",렌트롤!D13:D20,"<>")=COUNTIF(렌트롤!N13:N20,"임대중"),COUNTIFS(렌트롤!N13:N20,"임대중",렌트롤!K13:K20,"<>")=COUNTIF(렌트롤!N13:N20,"임대중"),COUNTA(렌트롤!N13:N20)=COUNTA(렌트롤!A13:A20)),"충족","미달") -> 충족 | E19: 렌트롤 표 · 만료 타임라인 · 총액 수익률
B20: R2 필요형 | C20: R1 + 면적·적용법령·관리비·시작일 | D20: =IF(AND(AND(COUNTIFS(렌트롤!N13:N20,"임대중",렌트롤!D13:D20,"<>")=COUNTIF(렌트롤!N13:N20,"임대중"),COUNTIFS(렌트롤!N13:N20,"임대중",렌트롤!K13:K20,"<>")=COUNTIF(렌트롤!N13:N20,"임대중"),COUNTA(렌트롤!N13:N20)=COUNTA(렌트롤!A13:A20)),COUNTA(렌트롤!C13:C20)=COUNTA(렌트롤!A13:A20),COUNTA(렌트롤!E13:E20)=COUNTA(렌트롤!A13:A20),COUNTIFS(렌트롤!N13:N20,"임대중",렌트롤!H13:H20,"<>")=COUNTIF(렌트롤!N13:N20,"임대중")),"충족","미달") -> 미달 | E20: 평당 단가 · 층별 단가 · 환산보증금 · 상임법 판정
B21: R3 표준형 | C21: R2 + 최초계약일·대항력 | D21: =IF(AND(AND(AND(COUNTIFS(렌트롤!N13:N20,"임대중",렌트롤!D13:D20,"<>")=COUNTIF(렌트롤!N13:N20,"임대중"),COUNTIFS(렌트롤!N13:N20,"임대중",렌트롤!K13:K20,"<>")=COUNTIF(렌트롤!N13:N20,"임대중"),COUNTA(렌트롤!N13:N20)=COUNTA(렌트롤!A13:A20)),COUNTA(렌트롤!C13:C20)=COUNTA(렌트롤!A13:A20),COUNTA(렌트롤!E13:E20)=COUNTA(렌트롤!A13:A20),COUNTIFS(렌트롤!N13:N20,"임대중",렌트롤!H13:H20,"<>")=COUNTIF(렌트롤!N13:N20,"임대중")),COUNTIFS(렌트롤!N13:N20,"임대중",렌트롤!I13:I20,"<>")=COUNTIF(렌트롤!N13:N20,"임대중"),COUNTIFS(렌트롤!N13:N20,"임대중",렌트롤!M13:M20,"미확인")=0),"충족","미달") -> 미달 | E21: 갱신요구권 · 명도 계획 · 임대료 정상화 시뮬
B23: 현재 해상도 | C23: =IF(AND(AND(AND(COUNTIFS(렌트롤!N13:N20,"임대중",렌트롤!D13:D20,"<>")=COUNTIF(렌트롤!N13:N20,"임대중"),COUNTIFS(렌트롤!N13:N20,"임대중",렌트롤!K13:K20,"<>")=COUNTIF(렌트롤!N13:N20,"임대중"),COUNTA(렌트롤!N13:N20)=COUNTA(렌트롤!A13:A20)),COUNTA(렌트롤!C13:C20)=COUNTA(렌트롤!A13:A20),COUNTA(렌트롤!E13:E20)=COUNTA(렌트롤!A13:A20),COUNTIFS(렌트롤!N13:N20,"임대중",렌트롤!H13:H20,"<>")=COUNTIF(렌트롤!N13:N20,"임대중")),COUNTIFS(렌트롤!N13:N20,"임대중",렌트롤!I13:I20,"<>")=COUNTIF(렌트롤!N13:N20,"임대중"),COUNTIFS(렌트롤!N13:N20,"임대중",렌트롤!M13:M20,"미확인")=0),"R3 표준형",IF(AND(AND(COUNTIFS(렌트롤!N13:N20,"임대중",렌트롤!D13:D20,"<>")=COUNTIF(렌트롤!N13:N20,"임대중"),COUNTIFS(렌트롤!N13:N20,"임대중",렌트롤!K13:K20,"<>")=COUNTIF(렌트롤!N13:N20,"임대중"),COUNTA(렌트롤!N13:N20)=COUNTA(렌트롤!A13:A20)),COUNTA(렌트롤!C13:C20)=COUNTA(렌트롤!A13:A20),COUNTA(렌트롤!E13:E20)=COUNTA(렌트롤!A13:A20),COUNTIFS(렌트롤!N13:N20,"임대중",렌트롤!H13:H20,"<>")=COUNTIF(렌트롤!N13:N20,"임대중")),"R2 필요형",IF(AND(COUNTIFS(렌트롤!N13:N20,"임대중",렌트롤!D13:D20,"<>")=COUNTIF(렌트롤!N13:N20,"임대중"),COUNTIFS(렌트롤!N13:N20,"임대중",렌트롤!K13:K20,"<>")=COUNTIF(렌트롤!N13:N20,"임대중"),COUNTA(렌트롤!N13:N20)=COUNTA(렌트롤!A13:A20)),"R1 최소형","R0 미달"))) -> R1 최소형
B24: 다음 한 칸 | C24: =IF(AND(AND(AND(COUNTIFS(렌트롤!N13:N20,"임대중",렌트롤!D13:D20,"<>")=COUNTIF(렌트롤!N13:N20,"임대중"),COUNTIFS(렌트롤!N13:N20,"임대중",렌트롤!K13:K20,"<>")=COUNTIF(렌트롤!N13:N20,"임대중"),COUNTA(렌트롤!N13:N20)=COUNTA(렌트롤!A13:A20)),COUNTA(렌트롤!C13:C20)=COUNTA(렌트롤!A13:A20),COUNTA(렌트롤!E13:E20)=COUNTA(렌트롤!A13:A20),COUNTIFS(렌트롤!N13:N20,"임대중",렌트롤!H13:H20,"<>")=COUNTIF(렌트롤!N13:N20,"임대중")),COUNTIFS(렌트롤!N13:N20,"임대중",렌트롤!I13:I20,"<>")=COUNTIF(렌트롤!N13:N20,"임대중"),COUNTIFS(렌트롤!N13:N20,"임대중",렌트롤!M13:M20,"미확인")=0),"완료 — 모든 기능 사용 가능",IF(AND(AND(COUNTIFS(렌트롤!N13:N20,"임대중",렌트롤!D13:D20,"<>")=COUNTIF(렌트롤!N13:N20,"임대중"),COUNTIFS(렌트롤!N13:N20,"임대중",렌트롤!K13:K20,"<>")=COUNTIF(렌트롤!N13:N20,"임대중"),COUNTA(렌트롤!N13:N20)=COUNTA(렌트롤!A13:A20)),COUNTA(렌트롤!C13:C20)=COUNTA(렌트롤!A13:A20),COUNTA(렌트롤!E13:E20)=COUNTA(렌트롤!A13:A20),COUNTIFS(렌트롤!N13:N20,"임대중",렌트롤!H13:H20,"<>")=COUNTIF(렌트롤!N13:N20,"임대중")),"「최초 계약일」과 「대항력 요건」을 채우면 갱신요구권·명도 계획이 열립니다",IF(AND(COUNTIFS(렌트롤!N13:N20,"임대중",렌트롤!D13:D20,"<>")=COUNTIF(렌트롤!N13:N20,"임대중"),COUNTIFS(렌트롤!N13:N20,"임대중",렌트롤!K13:K20,"<>")=COUNTIF(렌트롤!N13:N20,"임대중"),COUNTA(렌트롤!N13:N20)=COUNTA(렌트롤!A13:A20)),"「적용법령」을 채우면 환산보증금·상임법 판정이 열립니다. 「임대면적」은 평당 단가를 엽니다","「업종」과 「현 계약 만료일」부터 채우세요. 렌트롤 표를 그릴 수 없습니다"))) -> 「적용법령」을 채우면 환산보증금·상임법 판정이 열립니다. 「임대면적」은 평당 단가를 엽니다
